{
	"info": {
		"_postman_id": "9b8cfa07-4016-4807-b329-d9c4df49c0e7",
		"name": "The_meal_DB",
		"schema": "https://schema.getpostman.com/json/collection/v2.1.0/collection.json"
	},
	"item": [
		{
			"name": "APIs",
			"item": [
				{
					"name": "Search meal by name",
					"event": [
						{
							"listen": "test",
							"script": {
								"exec": [
									"pm.test(\"Status code is 200\", function () {\r",
									"    pm.response.to.have.status(200);\r",
									"});\r",
									"pm.test(\"Body matches string\", function () {\r",
									"    pm.expect(pm.response.text()).to.include(\"Italian\");\r",
									"});\r",
									"pm.test(\"Status code name has string\", function () {\r",
									"    pm.response.to.have.status(\"OK\");\r",
									"});\r",
									"pm.test(\"Successful POST request\", function () {\r",
									"    pm.expect(pm.response.code).to.be.oneOf([200, 200]);\r",
									"pm.test(\"Content-Type is present\", function () {\r",
									"    pm.response.to.have.header(\"Content-Type\");\r",
									"});\r",
									"pm.test(\"Response time is less than 400ms\", function () {\r",
									"    pm.expect(pm.response.responseTime).to.be.below(400);\r",
									"});\r",
									"});\r",
									"pm.test(\"Body matches string\", function () {\r",
									"    pm.expect(pm.response.text()).to.include(\"meal\");\r",
									"});\r",
									""
								],
								"type": "text/javascript"
							}
						}
					],
					"request": {
						"method": "GET",
						"header": [],
						"url": {
							"raw": "{{baseUrl}}/api/json/v1/1/search.php?s=Arrabiata",
							"host": [
								"{{baseUrl}}"
							],
							"path": [
								"api",
								"json",
								"v1",
								"1",
								"search.php"
							],
							"query": [
								{
									"key": "s",
									"value": "Arrabiata"
								}
							]
						}
					},
					"response": [
						{
							"name": "Success",
							"originalRequest": {
								"method": "GET",
								"header": [],
								"url": {
									"raw": "{{baseUrl}}/api/json/v1/1/search.php?s=Arrabiata",
									"host": [
										"{{baseUrl}}"
									],
									"path": [
										"api",
										"json",
										"v1",
										"1",
										"search.php"
									],
									"query": [
										{
											"key": "s",
											"value": "Arrabiata"
										}
									]
								}
							},
							"status": "OK",
							"code": 200,
							"_postman_previewlanguage": "json",
							"header": [
								{
									"key": "Date",
									"value": "Sat, 16 Apr 2022 15:59:22 GMT"
								},
								{
									"key": "Content-Type",
									"value": "application/json"
								},
								{
									"key": "Transfer-Encoding",
									"value": "chunked"
								},
								{
									"key": "Connection",
									"value": "keep-alive"
								},
								{
									"key": "Vary",
									"value": "Accept-Encoding"
								},
								{
									"key": "X-Powered-By",
									"value": "PHP/7.0.9"
								},
								{
									"key": "X-Powered-By",
									"value": "ASP.NET"
								},
								{
									"key": "Access-Control-Allow-Origin",
									"value": "*"
								},
								{
									"key": "CF-Cache-Status",
									"value": "DYNAMIC"
								},
								{
									"key": "Expect-CT",
									"value": "max-age=604800, report-uri=\"https://report-uri.cloudflare.com/cdn-cgi/beacon/expect-ct\""
								},
								{
									"key": "Report-To",
									"value": "{\"endpoints\":[{\"url\":\"https:\\/\\/a.nel.cloudflare.com\\/report\\/v3?s=QeVsikW2EEx4AumvlN9JxohnuhopamHCtmuZjr9YW4YXpeFTkBisSBD0lkqfoUDZcD65KUuFMD0iXloHaIYSS1LhD8XHlduO6typFMHdNAdx1FqqiskErB7bpJej%2By6sivAQrA%3D%3D\"}],\"group\":\"cf-nel\",\"max_age\":604800}"
								},
								{
									"key": "NEL",
									"value": "{\"success_fraction\":0,\"report_to\":\"cf-nel\",\"max_age\":604800}"
								},
								{
									"key": "Server",
									"value": "cloudflare"
								},
								{
									"key": "CF-RAY",
									"value": "6fce20b88f2706f5-LHR"
								},
								{
									"key": "Content-Encoding",
									"value": "br"
								},
								{
									"key": "alt-svc",
									"value": "h3=\":443\"; ma=86400, h3-29=\":443\"; ma=86400"
								}
							],
							"cookie": [],
							"body": "{\n    \"meals\": [\n        {\n            \"idMeal\": \"52771\",\n            \"strMeal\": \"Spicy Arrabiata Penne\",\n            \"strDrinkAlternate\": null,\n            \"strCategory\": \"Vegetarian\",\n            \"strArea\": \"Italian\",\n            \"strInstructions\": \"Bring a large pot of water to a boil. Add kosher salt to the boiling water, then add the pasta. Cook according to the package instructions, about 9 minutes.\\r\\nIn a large skillet over medium-high heat, add the olive oil and heat until the oil starts to shimmer. Add the garlic and cook, stirring, until fragrant, 1 to 2 minutes. Add the chopped tomatoes, red chile flakes, Italian seasoning and salt and pepper to taste. Bring to a boil and cook for 5 minutes. Remove from the heat and add the chopped basil.\\r\\nDrain the pasta and add it to the sauce. Garnish with Parmigiano-Reggiano flakes and more basil and serve warm.\",\n            \"strMealThumb\": \"https://www.themealdb.com/images/media/meals/ustsqw1468250014.jpg\",\n            \"strTags\": \"Pasta,Curry\",\n            \"strYoutube\": \"https://www.youtube.com/watch?v=1IszT_guI08\",\n            \"strIngredient1\": \"penne rigate\",\n            \"strIngredient2\": \"olive oil\",\n            \"strIngredient3\": \"garlic\",\n            \"strIngredient4\": \"chopped tomatoes\",\n            \"strIngredient5\": \"red chile flakes\",\n            \"strIngredient6\": \"italian seasoning\",\n            \"strIngredient7\": \"basil\",\n            \"strIngredient8\": \"Parmigiano-Reggiano\",\n            \"strIngredient9\": \"\",\n            \"strIngredient10\": \"\",\n            \"strIngredient11\": \"\",\n            \"strIngredient12\": \"\",\n            \"strIngredient13\": \"\",\n            \"strIngredient14\": \"\",\n            \"strIngredient15\": \"\",\n            \"strIngredient16\": null,\n            \"strIngredient17\": null,\n            \"strIngredient18\": null,\n            \"strIngredient19\": null,\n            \"strIngredient20\": null,\n            \"strMeasure1\": \"1 pound\",\n            \"strMeasure2\": \"1/4 cup\",\n            \"strMeasure3\": \"3 cloves\",\n            \"strMeasure4\": \"1 tin \",\n            \"strMeasure5\": \"1/2 teaspoon\",\n            \"strMeasure6\": \"1/2 teaspoon\",\n            \"strMeasure7\": \"6 leaves\",\n            \"strMeasure8\": \"spinkling\",\n            \"strMeasure9\": \"\",\n            \"strMeasure10\": \"\",\n            \"strMeasure11\": \"\",\n            \"strMeasure12\": \"\",\n            \"strMeasure13\": \"\",\n            \"strMeasure14\": \"\",\n            \"strMeasure15\": \"\",\n            \"strMeasure16\": null,\n            \"strMeasure17\": null,\n            \"strMeasure18\": null,\n            \"strMeasure19\": null,\n            \"strMeasure20\": null,\n            \"strSource\": null,\n            \"strImageSource\": null,\n            \"strCreativeCommonsConfirmed\": null,\n            \"dateModified\": null\n        }\n    ]\n}"
						}
					]
				},
				{
					"name": "List all meals by first letter",
					"event": [
						{
							"listen": "test",
							"script": {
								"exec": [
									"pm.test(\"Status code is 200\", function () {\r",
									"    pm.response.to.have.status(200);\r",
									"});\r",
									"pm.test(\"Body matches string\", function () {\r",
									"    pm.expect(pm.response.text()).to.include(\"Preheat\");\r",
									"});\r",
									"pm.test(\"Body is correct\", function () {\r",
									"    pm.response.to.have.body(\"British\");\r",
									"});\r",
									"pm.test(\"Successful POST request\", function () {\r",
									"    pm.expect(pm.response.code).to.be.oneOf([400, 401]);\r",
									"});\r",
									"pm.test(\"Status code name has string\", function () {\r",
									"    pm.response.to.have.status(\"OK\");\r",
									"});\r",
									"pm.test(\"Response time is less than 500ms\", function () {\r",
									"    pm.expect(pm.response.responseTime).to.be.below(500);\r",
									"});"
								],
								"type": "text/javascript"
							}
						}
					],
					"request": {
						"method": "GET",
						"header": [],
						"url": {
							"raw": "{{baseUrl}}/api/json/v1/1/search.php?f=a",
							"host": [
								"{{baseUrl}}"
							],
							"path": [
								"api",
								"json",
								"v1",
								"1",
								"search.php"
							],
							"query": [
								{
									"key": "f",
									"value": "a"
								}
							]
						}
					},
					"response": [
						{
							"name": "success",
							"originalRequest": {
								"method": "GET",
								"header": [],
								"url": {
									"raw": "{{baseUrl}}/api/json/v1/1/search.php?f=",
									"host": [
										"{{baseUrl}}"
									],
									"path": [
										"api",
										"json",
										"v1",
										"1",
										"search.php"
									],
									"query": [
										{
											"key": "f",
											"value": ""
										}
									]
								}
							},
							"status": "OK",
							"code": 200,
							"_postman_previewlanguage": "json",
							"header": [
								{
									"key": "Date",
									"value": "Sat, 16 Apr 2022 16:01:11 GMT"
								},
								{
									"key": "Content-Type",
									"value": "application/json"
								},
								{
									"key": "Transfer-Encoding",
									"value": "chunked"
								},
								{
									"key": "Connection",
									"value": "keep-alive"
								},
								{
									"key": "Vary",
									"value": "Accept-Encoding"
								},
								{
									"key": "X-Powered-By",
									"value": "PHP/7.0.9"
								},
								{
									"key": "X-Powered-By",
									"value": "ASP.NET"
								},
								{
									"key": "Access-Control-Allow-Origin",
									"value": "*"
								},
								{
									"key": "CF-Cache-Status",
									"value": "DYNAMIC"
								},
								{
									"key": "Expect-CT",
									"value": "max-age=604800, report-uri=\"https://report-uri.cloudflare.com/cdn-cgi/beacon/expect-ct\""
								},
								{
									"key": "Report-To",
									"value": "{\"endpoints\":[{\"url\":\"https:\\/\\/a.nel.cloudflare.com\\/report\\/v3?s=%2B1VOgFuFRf5NF%2B0xweKO4lJtc4OFhf8yQK17C9St51NSnXFJQSCIduEM5LlZjwrl0IhSjaVgF7iImXLFeQVUTKIg8KqwbYxEQ1RyXwcsItpvW2O%2FzFtoD9MWAnQtE8g2y1PqTA%3D%3D\"}],\"group\":\"cf-nel\",\"max_age\":604800}"
								},
								{
									"key": "NEL",
									"value": "{\"success_fraction\":0,\"report_to\":\"cf-nel\",\"max_age\":604800}"
								},
								{
									"key": "Server",
									"value": "cloudflare"
								},
								{
									"key": "CF-RAY",
									"value": "6fce23600de606f5-LHR"
								},
								{
									"key": "Content-Encoding",
									"value": "br"
								},
								{
									"key": "alt-svc",
									"value": "h3=\":443\"; ma=86400, h3-29=\":443\"; ma=86400"
								}
							],
							"cookie": [],
							"body": "{\n    \"meals\": [\n        {\n            \"idMeal\": \"52768\",\n            \"strMeal\": \"Apple Frangipan Tart\",\n            \"strDrinkAlternate\": null,\n            \"strCategory\": \"Dessert\",\n            \"strArea\": \"British\",\n            \"strInstructions\": \"Preheat the oven to 200C/180C Fan/Gas 6.\\r\\nPut the biscuits in a large re-sealable freezer bag and bash with a rolling pin into fine crumbs. Melt the butter in a small pan, then add the biscuit crumbs and stir until coated with butter. Tip into the tart tin and, using the back of a spoon, press over the base and sides of the tin to give an even layer. Chill in the fridge while you make the filling.\\r\\nCream together the butter and sugar until light and fluffy. You can do this in a food processor if you have one. Process for 2-3 minutes. Mix in the eggs, then add the ground almonds and almond extract and blend until well combined.\\r\\nPeel the apples, and cut thin slices of apple. Do this at the last minute to prevent the apple going brown. Arrange the slices over the biscuit base. Spread the frangipane filling evenly on top. Level the surface and sprinkle with the flaked almonds.\\r\\nBake for 20-25 minutes until golden-brown and set.\\r\\nRemove from the oven and leave to cool for 15 minutes. Remove the sides of the tin. An easy way to do this is to stand the tin on a can of beans and push down gently on the edges of the tin.\\r\\nTransfer the tart, with the tin base attached, to a serving plate. Serve warm with cream, crème fraiche or ice cream.\",\n            \"strMealThumb\": \"https://www.themealdb.com/images/media/meals/wxywrq1468235067.jpg\",\n            \"strTags\": \"Tart,Baking,Fruity\",\n            \"strYoutube\": \"https://www.youtube.com/watch?v=rp8Slv4INLk\",\n            \"strIngredient1\": \"digestive biscuits\",\n            \"strIngredient2\": \"butter\",\n            \"strIngredient3\": \"Bramley apples\",\n            \"strIngredient4\": \"butter, softened\",\n            \"strIngredient5\": \"caster sugar\",\n            \"strIngredient6\": \"free-range eggs, beaten\",\n            \"strIngredient7\": \"ground almonds\",\n            \"strIngredient8\": \"almond extract\",\n            \"strIngredient9\": \"flaked almonds\",\n            \"strIngredient10\": \"\",\n            \"strIngredient11\": \"\",\n            \"strIngredient12\": \"\",\n            \"strIngredient13\": \"\",\n            \"strIngredient14\": \"\",\n            \"strIngredient15\": \"\",\n            \"strIngredient16\": null,\n            \"strIngredient17\": null,\n            \"strIngredient18\": null,\n            \"strIngredient19\": null,\n            \"strIngredient20\": null,\n            \"strMeasure1\": \"175g/6oz\",\n            \"strMeasure2\": \"75g/3oz\",\n            \"strMeasure3\": \"200g/7oz\",\n            \"strMeasure4\": \"75g/3oz\",\n            \"strMeasure5\": \"75g/3oz\",\n            \"strMeasure6\": \"2\",\n            \"strMeasure7\": \"75g/3oz\",\n            \"strMeasure8\": \"1 tsp\",\n            \"strMeasure9\": \"50g/1¾oz\",\n            \"strMeasure10\": \"\",\n            \"strMeasure11\": \"\",\n            \"strMeasure12\": \"\",\n            \"strMeasure13\": \"\",\n            \"strMeasure14\": \"\",\n            \"strMeasure15\": \"\",\n            \"strMeasure16\": null,\n            \"strMeasure17\": null,\n            \"strMeasure18\": null,\n            \"strMeasure19\": null,\n            \"strMeasure20\": null,\n            \"strSource\": null,\n            \"strImageSource\": null,\n            \"strCreativeCommonsConfirmed\": null,\n            \"dateModified\": null\n        },\n        {\n            \"idMeal\": \"52893\",\n            \"strMeal\": \"Apple & Blackberry Crumble\",\n            \"strDrinkAlternate\": null,\n            \"strCategory\": \"Dessert\",\n            \"strArea\": \"British\",\n            \"strInstructions\": \"Heat oven to 190C/170C fan/gas 5. Tip the flour and sugar into a large bowl. Add the butter, then rub into the flour using your fingertips to make a light breadcrumb texture. Do not overwork it or the crumble will become heavy. Sprinkle the mixture evenly over a baking sheet and bake for 15 mins or until lightly coloured.\\r\\nMeanwhile, for the compote, peel, core and cut the apples into 2cm dice. Put the butter and sugar in a medium saucepan and melt together over a medium heat. Cook for 3 mins until the mixture turns to a light caramel. Stir in the apples and cook for 3 mins. Add the blackberries and cinnamon, and cook for 3 mins more. Cover, remove from the heat, then leave for 2-3 mins to continue cooking in the warmth of the pan.\\r\\nTo serve, spoon the warm fruit into an ovenproof gratin dish, top with the crumble mix, then reheat in the oven for 5-10 mins. Serve with vanilla ice cream.\",\n            \"strMealThumb\": \"https://www.themealdb.com/images/media/meals/xvsurr1511719182.jpg\",\n            \"strTags\": \"Pudding\",\n            \"strYoutube\": \"https://www.youtube.com/watch?v=4vhcOwVBDO4\",\n            \"strIngredient1\": \"Plain Flour\",\n            \"strIngredient2\": \"Caster Sugar\",\n            \"strIngredient3\": \"Butter\",\n            \"strIngredient4\": \"Braeburn Apples\",\n            \"strIngredient5\": \"Butter\",\n            \"strIngredient6\": \"Demerara Sugar\",\n            \"strIngredient7\": \"Blackberrys\",\n            \"strIngredient8\": \"Cinnamon\",\n            \"strIngredient9\": \"Ice Cream\",\n            \"strIngredient10\": \"\",\n            \"strIngredient11\": \"\",\n            \"strIngredient12\": \"\",\n            \"strIngredient13\": \"\",\n            \"strIngredient14\": \"\",\n            \"strIngredient15\": \"\",\n            \"strIngredient16\": \"\",\n            \"strIngredient17\": \"\",\n            \"strIngredient18\": \"\",\n            \"strIngredient19\": \"\",\n            \"strIngredient20\": \"\",\n            \"strMeasure1\": \"120g\",\n            \"strMeasure2\": \"60g\",\n            \"strMeasure3\": \"60g\",\n            \"strMeasure4\": \"300g\",\n            \"strMeasure5\": \"30g\",\n            \"strMeasure6\": \"30g\",\n            \"strMeasure7\": \"120g\",\n            \"strMeasure8\": \"¼ teaspoon\",\n            \"strMeasure9\": \"to serve\",\n            \"strMeasure10\": \"\",\n            \"strMeasure11\": \"\",\n            \"strMeasure12\": \"\",\n            \"strMeasure13\": \"\",\n            \"strMeasure14\": \"\",\n            \"strMeasure15\": \"\",\n            \"strMeasure16\": \"\",\n            \"strMeasure17\": \"\",\n            \"strMeasure18\": \"\",\n            \"strMeasure19\": \"\",\n            \"strMeasure20\": \"\",\n            \"strSource\": \"https://www.bbcgoodfood.com/recipes/778642/apple-and-blackberry-crumble\",\n            \"strImageSource\": null,\n            \"strCreativeCommonsConfirmed\": null,\n            \"dateModified\": null\n        },\n        {\n            \"idMeal\": \"53049\",\n            \"strMeal\": \"Apam balik\",\n            \"strDrinkAlternate\": null,\n            \"strCategory\": \"Dessert\",\n            \"strArea\": \"Malaysian\",\n            \"strInstructions\": \"Mix milk, oil and egg together. Sift flour, baking powder and salt into the mixture. Stir well until all ingredients are combined evenly.\\r\\n\\r\\nSpread some batter onto the pan. Spread a thin layer of batter to the side of the pan. Cover the pan for 30-60 seconds until small air bubbles appear.\\r\\n\\r\\nAdd butter, cream corn, crushed peanuts and sugar onto the pancake. Fold the pancake into half once the bottom surface is browned.\\r\\n\\r\\nCut into wedges and best eaten when it is warm.\",\n            \"strMealThumb\": \"https://www.themealdb.com/images/media/meals/adxcbq1619787919.jpg\",\n            \"strTags\": null,\n            \"strYoutube\": \"https://www.youtube.com/watch?v=6R8ffRRJcrg\",\n            \"strIngredient1\": \"Milk\",\n            \"strIngredient2\": \"Oil\",\n            \"strIngredient3\": \"Eggs\",\n            \"strIngredient4\": \"Flour\",\n            \"strIngredient5\": \"Baking Powder\",\n            \"strIngredient6\": \"Salt\",\n            \"strIngredient7\": \"Unsalted Butter\",\n            \"strIngredient8\": \"Sugar\",\n            \"strIngredient9\": \"Peanut Butter\",\n            \"strIngredient10\": \"\",\n            \"strIngredient11\": \"\",\n            \"strIngredient12\": \"\",\n            \"strIngredient13\": \"\",\n            \"strIngredient14\": \"\",\n            \"strIngredient15\": \"\",\n            \"strIngredient16\": \"\",\n            \"strIngredient17\": \"\",\n            \"strIngredient18\": \"\",\n            \"strIngredient19\": \"\",\n            \"strIngredient20\": \"\",\n            \"strMeasure1\": \"200ml\",\n            \"strMeasure2\": \"60ml\",\n            \"strMeasure3\": \"2\",\n            \"strMeasure4\": \"1600g\",\n            \"strMeasure5\": \"3 tsp\",\n            \"strMeasure6\": \"1/2 tsp\",\n            \"strMeasure7\": \"25g\",\n            \"strMeasure8\": \"45g\",\n            \"strMeasure9\": \"3 tbs\",\n            \"strMeasure10\": \" \",\n            \"strMeasure11\": \" \",\n            \"strMeasure12\": \" \",\n            \"strMeasure13\": \" \",\n            \"strMeasure14\": \" \",\n            \"strMeasure15\": \" \",\n            \"strMeasure16\": \" \",\n            \"strMeasure17\": \" \",\n            \"strMeasure18\": \" \",\n            \"strMeasure19\": \" \",\n            \"strMeasure20\": \" \",\n            \"strSource\": \"https://www.nyonyacooking.com/recipes/apam-balik~SJ5WuvsDf9WQ\",\n            \"strImageSource\": null,\n            \"strCreativeCommonsConfirmed\": null,\n            \"dateModified\": null\n        },\n        {\n            \"idMeal\": \"53050\",\n            \"strMeal\": \"Ayam Percik\",\n            \"strDrinkAlternate\": null,\n            \"strCategory\": \"Chicken\",\n            \"strArea\": \"Malaysian\",\n            \"strInstructions\": \"In a blender, add the ingredients for the spice paste and blend until smooth.\\r\\nOver medium heat, pour the spice paste in a skillet or pan and fry for 10 minutes until fragrant. Add water or oil 1 tablespoon at a time if the paste becomes too dry. Don't burn the paste. Lower the fire slightly if needed.\\r\\nAdd the cloves, cardamom, tamarind pulp, coconut milk, water, sugar and salt. Turn the heat up and bring the mixture to boil. Turn the heat to medium low and simmer for 10 minutes. Stir occasionally. It will reduce slightly. This is the marinade/sauce, so taste and adjust seasoning if necessary. Don't worry if it's slightly bitter. It will go away when roasting.\\r\\nWhen the marinade/sauce has cooled, pour everything over the chicken and marinate overnight to two days.\\r\\nPreheat the oven to 425 F.\\r\\nRemove the chicken from the marinade. Spoon the marinade onto a greased (or aluminum lined) baking sheet. Lay the chicken on top of the sauce (make sure the chicken covers the sauce and the sauce isn't exposed or it'll burn) and spread the remaining marinade on the chicken. Roast for 35-45 minutes or until internal temp of the thickest part of chicken is at least 175 F.\\r\\nLet chicken rest for 5 minutes. Brush the chicken with some of the oil. Serve chicken with the sauce over steamed rice (or coconut rice).\",\n            \"strMealThumb\": \"https://www.themealdb.com/images/media/meals/020z181619788503.jpg\",\n            \"strTags\": null,\n            \"strYoutube\": \"https://www.youtube.com/watch?v=9ytR28QK6I8\",\n            \"strIngredient1\": \"Chicken Thighs\",\n            \"strIngredient2\": \"Challots\",\n            \"strIngredient3\": \"Ginger\",\n            \"strIngredient4\": \"Garlic Clove\",\n            \"strIngredient5\": \"Cayenne Pepper\",\n            \"strIngredient6\": \"Turmeric\",\n            \"strIngredient7\": \"Cumin\",\n            \"strIngredient8\": \"Coriander\",\n            \"strIngredient9\": \"Fennel\",\n            \"strIngredient10\": \"Tamarind Paste\",\n            \"strIngredient11\": \"Coconut Milk\",\n            \"strIngredient12\": \"Sugar\",\n            \"strIngredient13\": \"Water\",\n            \"strIngredient14\": \"\",\n            \"strIngredient15\": \"\",\n            \"strIngredient16\": \"\",\n            \"strIngredient17\": \"\",\n            \"strIngredient18\": \"\",\n            \"strIngredient19\": \"\",\n            \"strIngredient20\": \"\",\n            \"strMeasure1\": \"6\",\n            \"strMeasure2\": \"16\",\n            \"strMeasure3\": \"1 1/2 \",\n            \"strMeasure4\": \"6\",\n            \"strMeasure5\": \"8\",\n            \"strMeasure6\": \"2 tbs\",\n            \"strMeasure7\": \"1 1/2 \",\n            \"strMeasure8\": \"1 1/2 \",\n            \"strMeasure9\": \"1 1/2 \",\n            \"strMeasure10\": \"2 tbs\",\n            \"strMeasure11\": \"1 can \",\n            \"strMeasure12\": \"1 tsp \",\n            \"strMeasure13\": \"1 cup \",\n            \"strMeasure14\": \" \",\n            \"strMeasure15\": \" \",\n            \"strMeasure16\": \" \",\n            \"strMeasure17\": \" \",\n            \"strMeasure18\": \" \",\n            \"strMeasure19\": \" \",\n            \"strMeasure20\": \" \",\n            \"strSource\": \"http://www.curiousnut.com/roasted-spiced-chicken-ayam-percik/\",\n            \"strImageSource\": null,\n            \"strCreativeCommonsConfirmed\": null,\n            \"dateModified\": null\n        }\n    ]\n}"
						}
					]
				},
				{
					"name": "Look up full meal details by id",
					"event": [
						{
							"listen": "test",
							"script": {
								"exec": [
									"pm.test(\"Status code is 200\", function () {\r",
									"    pm.response.to.have.status(200);\r",
									"});\r",
									"pm.test(\"Body matches string\", function () {\r",
									"    pm.expect(pm.response.text()).to.include(\"52772\");\r",
									"pm.test(\"Body matches string\", function () {\r",
									"    pm.expect(pm.response.text()).to.include(\"\");\r",
									"});\r",
									"});\r",
									"pm.test(\"Body matches string\", function () {\r",
									"    pm.expect(pm.response.text()).to.include(\"samuel\");\r",
									"});\r",
									"pm.test(\"Your test name\", function () {\r",
									"    var jsonData = pm.response.json();\r",
									"    pm.expect(jsonData.value).to.eql(400);\r",
									"pm.test(\"Content-Type is present\", function () {\r",
									"    pm.response.to.have.header(\"Content-Type\");\r",
									"});\r",
									"});\r",
									"pm.test(\"Status code name has string\", function () {\r",
									"    pm.response.to.have.status(\"OK\");\r",
									"});"
								],
								"type": "text/javascript"
							}
						}
					],
					"request": {
						"method": "GET",
						"header": [],
						"url": {
							"raw": "{{baseUrl}}/api/json/v1/1/lookup.php?i=52772",
							"host": [
								"{{baseUrl}}"
							],
							"path": [
								"api",
								"json",
								"v1",
								"1",
								"lookup.php"
							],
							"query": [
								{
									"key": "i",
									"value": "52772"
								}
							]
						}
					},
					"response": []
				},
				{
					"name": "Look up a single random meal",
					"event": [
						{
							"listen": "test",
							"script": {
								"exec": [
									"pm.test(\"Status code is 200\", function () {\r",
									"    pm.response.to.have.status(200);\r",
									"});\r",
									"pm.test(\"Status code is 200\", function () {\r",
									"    pm.response.to.have.status(400);\r",
									"});\r",
									"pm.test(\"Status code is 200\", function () {\r",
									"    pm.response.to.have.status(401);\r",
									"});\r",
									"pm.test(\"Content-Type is present\", function () {\r",
									"    pm.response.to.have.header(\"Content-Type\");\r",
									"});\r",
									"pm.test(\"Response time is less than 200ms\", function () {\r",
									"    pm.expect(pm.response.responseTime).to.be.below(200);\r",
									"});\r",
									"pm.test(\"Status code name has string\", function () {\r",
									"    pm.response.to.have.status(\"OK\");\r",
									"});\r",
									"pm.test(\"Body matches string\", function () {\r",
									"    pm.expect(pm.response.text()).to.include(\"chicken\");\r",
									"});"
								],
								"type": "text/javascript"
							}
						}
					],
					"request": {
						"method": "GET",
						"header": [],
						"url": {
							"raw": "{{baseUrl}}/api/json/v1/1/random.php",
							"host": [
								"{{baseUrl}}"
							],
							"path": [
								"api",
								"json",
								"v1",
								"1",
								"random.php"
							]
						}
					},
					"response": []
				},
				{
					"name": "List all meal category",
					"event": [
						{
							"listen": "test",
							"script": {
								"exec": [
									"pm.test(\"Status code is 200\", function () {\r",
									"    pm.response.to.have.status(200);\r",
									"});\r",
									"pm.test(\"Body matches string\", function () {\r",
									"    pm.expect(pm.response.text()).to.include(\"Beef\");\r",
									"});\r",
									"pm.test(\"Body matches string\", function () {\r",
									"    pm.expect(pm.response.text()).to.include(\"sugar\");\r",
									"});\r",
									"pm.test(\"Content-Type is present\", function () {\r",
									"    pm.response.to.have.header(\"Content-Type\");\r",
									"});\r",
									"pm.test(\"Response time is less than 200ms\", function () {\r",
									"    pm.expect(pm.response.responseTime).to.be.below(200);\r",
									"});\r",
									"pm.test(\"Successful POST request\", function () {\r",
									"    pm.expect(pm.response.code).to.be.oneOf([200, 200]);\r",
									"});"
								],
								"type": "text/javascript"
							}
						}
					],
					"request": {
						"method": "GET",
						"header": [],
						"url": {
							"raw": "{{baseUrl}}/api/json/v1/1/categories.php",
							"host": [
								"{{baseUrl}}"
							],
							"path": [
								"api",
								"json",
								"v1",
								"1",
								"categories.php"
							]
						}
					},
					"response": []
				},
				{
					"name": "list all categories",
					"event": [
						{
							"listen": "test",
							"script": {
								"exec": [
									"pm.test(\"Status code is 200\", function () {\r",
									"    pm.response.to.have.status(200);\r",
									"});\r",
									"pm.test(\"Body matches string\", function () {\r",
									"    pm.expect(pm.response.text()).to.include(\"Breakfast\");\r",
									"});\r",
									"pm.test(\"Body matches string\", function () {\r",
									"    pm.expect(pm.response.text()).to.include(\"Beef\");\r",
									"});\r",
									"pm.test(\"Content-Type is present\", function () {\r",
									"    pm.response.to.have.header(\"Content-Type\");\r",
									"});\r",
									"pm.test(\"Response time is less than 200ms\", function () {\r",
									"    pm.expect(pm.response.responseTime).to.be.below(200);\r",
									"});\r",
									"pm.test(\"Successful POST request\", function () {\r",
									"    pm.expect(pm.response.code).to.be.oneOf([200, 200]);\r",
									"});"
								],
								"type": "text/javascript"
							}
						}
					],
					"request": {
						"method": "GET",
						"header": [],
						"url": {
							"raw": "{{baseUrl}}/api/json/v1/1/list.php?c=list",
							"host": [
								"{{baseUrl}}"
							],
							"path": [
								"api",
								"json",
								"v1",
								"1",
								"list.php"
							],
							"query": [
								{
									"key": "c",
									"value": "list"
								}
							]
						}
					},
					"response": []
				},
				{
					"name": "list all areas",
					"event": [
						{
							"listen": "test",
							"script": {
								"exec": [
									"pm.test(\"Status code is 200\", function () {\r",
									"    pm.response.to.have.status(200);\r",
									"});\r",
									"pm.test(\"Body matches string\", function () {\r",
									"    pm.expect(pm.response.text()).to.include(\"American\");\r",
									"});\r",
									"pm.test(\"Body matches string\", function () {\r",
									"    pm.expect(pm.response.text()).to.include(\"British\");\r",
									"});\r",
									"pm.test(\"Content-Type is present\", function () {\r",
									"    pm.response.to.have.header(\"Content-Type\");\r",
									"});\r",
									"pm.test(\"Response time is less than 200ms\", function () {\r",
									"    pm.expect(pm.response.responseTime).to.be.below(200);\r",
									"});\r",
									"pm.test(\"Successful POST request\", function () {\r",
									"    pm.expect(pm.response.code).to.be.oneOf([200, 200]);\r",
									"});"
								],
								"type": "text/javascript"
							}
						}
					],
					"request": {
						"method": "GET",
						"header": [],
						"url": {
							"raw": "{{baseUrl}}/api/json/v1/1/list.php?a=list",
							"host": [
								"{{baseUrl}}"
							],
							"path": [
								"api",
								"json",
								"v1",
								"1",
								"list.php"
							],
							"query": [
								{
									"key": "a",
									"value": "list"
								}
							]
						}
					},
					"response": []
				},
				{
					"name": "list all ingredients",
					"event": [
						{
							"listen": "test",
							"script": {
								"exec": [
									"pm.test(\"Status code is 200\", function () {\r",
									"    pm.response.to.have.status(200);\r",
									"});\r",
									"pm.test(\"Body matches string\", function () {\r",
									"    pm.expect(pm.response.text()).to.include(\"Chicken\");\r",
									"});\r",
									"pm.test(\"Body matches string\", function () {\r",
									"    pm.expect(pm.response.text()).to.include(\"Bread\");\r",
									"});\r",
									"pm.test(\"Content-Type is present\", function () {\r",
									"    pm.response.to.have.header(\"Content-Type\");\r",
									"});\r",
									"pm.test(\"Response time is less than 200ms\", function () {\r",
									"    pm.expect(pm.response.responseTime).to.be.below(200);\r",
									"});\r",
									"pm.test(\"Successful POST request\", function () {\r",
									"    pm.expect(pm.response.code).to.be.oneOf([200, 200]);\r",
									"});"
								],
								"type": "text/javascript"
							}
						}
					],
					"request": {
						"method": "GET",
						"header": [],
						"url": {
							"raw": "{{baseUrl}}/api/json/v1/1/list.php?i=list",
							"host": [
								"{{baseUrl}}"
							],
							"path": [
								"api",
								"json",
								"v1",
								"1",
								"list.php"
							],
							"query": [
								{
									"key": "i",
									"value": "list"
								}
							]
						}
					},
					"response": []
				},
				{
					"name": "Filter by main ingredient",
					"event": [
						{
							"listen": "test",
							"script": {
								"exec": [
									"pm.test(\"Status code is 200\", function () {\r",
									"    pm.response.to.have.status(200);\r",
									"});\r",
									"pm.test(\"Body matches string\", function () {\r",
									"    pm.expect(pm.response.text()).to.include(\"Chick-Fil-A Sandwich\");\r",
									"});\r",
									"pm.test(\"Body matches string\", function () {\r",
									"    pm.expect(pm.response.text()).to.include(\"Chicken Couscous\");\r",
									"});\r",
									"pm.test(\"Content-Type is present\", function () {\r",
									"    pm.response.to.have.header(\"Content-Type\");\r",
									"});\r",
									"pm.test(\"Response time is less than 200ms\", function () {\r",
									"    pm.expect(pm.response.responseTime).to.be.below(200);\r",
									"});\r",
									"pm.test(\"Successful POST request\", function () {\r",
									"    pm.expect(pm.response.code).to.be.oneOf([200, 200]);\r",
									"});"
								],
								"type": "text/javascript"
							}
						}
					],
					"request": {
						"method": "GET",
						"header": [],
						"url": {
							"raw": "{{baseUrl}}/api/json/v1/1/filter.php?i=chicken_breast",
							"host": [
								"{{baseUrl}}"
							],
							"path": [
								"api",
								"json",
								"v1",
								"1",
								"filter.php"
							],
							"query": [
								{
									"key": "i",
									"value": "chicken_breast"
								}
							]
						}
					},
					"response": []
				},
				{
					"name": "Filter by category",
					"event": [
						{
							"listen": "test",
							"script": {
								"exec": [
									"pm.test(\"Status code is 200\", function () {\r",
									"    pm.response.to.have.status(200);\r",
									"});\r",
									"pm.test(\"Body matches string\", function () {\r",
									"    pm.expect(pm.response.text()).to.include(\"Baked salmon with fennel & tomatoes\");\r",
									"});\r",
									"pm.test(\"Body matches string\", function () {\r",
									"    pm.expect(pm.response.text()).to.include(\"Cajun spiced fish tacos\");\r",
									"});\r",
									"pm.test(\"Content-Type is present\", function () {\r",
									"    pm.response.to.have.header(\"Content-Type\");\r",
									"});\r",
									"pm.test(\"Response time is less than 200ms\", function () {\r",
									"    pm.expect(pm.response.responseTime).to.be.below(200);\r",
									"});\r",
									"pm.test(\"Successful POST request\", function () {\r",
									"    pm.expect(pm.response.code).to.be.oneOf([200, 200]);\r",
									"});"
								],
								"type": "text/javascript"
							}
						}
					],
					"request": {
						"method": "GET",
						"header": [],
						"url": {
							"raw": "{{baseUrl}}/api/json/v1/1/filter.php?c=Seafood",
							"host": [
								"{{baseUrl}}"
							],
							"path": [
								"api",
								"json",
								"v1",
								"1",
								"filter.php"
							],
							"query": [
								{
									"key": "c",
									"value": "Seafood"
								}
							]
						}
					},
					"response": []
				},
				{
					"name": "Filter by area",
					"event": [
						{
							"listen": "test",
							"script": {
								"exec": [
									"pm.test(\"Status code is 200\", function () {\r",
									"    pm.response.to.have.status(200);\r",
									"});\r",
									"pm.test(\"Body matches string\", function () {\r",
									"    pm.expect(pm.response.text()).to.include(\"Breakfast Potatoes\");\r",
									"});\r",
									"pm.test(\"Body matches string\", function () {\r",
									"    pm.expect(pm.response.text()).to.include(\"BeaverTails\");\r",
									"});\r",
									"pm.test(\"Content-Type is present\", function () {\r",
									"    pm.response.to.have.header(\"Content-Type\");\r",
									"});\r",
									"pm.test(\"Response time is less than 200ms\", function () {\r",
									"    pm.expect(pm.response.responseTime).to.be.below(200);\r",
									"});\r",
									"pm.test(\"Successful POST request\", function () {\r",
									"    pm.expect(pm.response.code).to.be.oneOf([200, 200]);\r",
									"});"
								],
								"type": "text/javascript"
							}
						}
					],
					"request": {
						"method": "GET",
						"header": [],
						"url": {
							"raw": "{{baseUrl}}/api/json/v1/1/filter.php?a=Canadian",
							"host": [
								"{{baseUrl}}"
							],
							"path": [
								"api",
								"json",
								"v1",
								"1",
								"filter.php"
							],
							"query": [
								{
									"key": "a",
									"value": "Canadian"
								}
							]
						}
					},
					"response": []
				}
			]
		}
	]
}